version,inserted_at
20211116024918,2025-03-18 09:35:51
20211116045059,2025-03-18 09:35:51
20211116050929,2025-03-18 09:35:51
20211116051442,2025-03-18 09:35:51
20211116212300,2025-03-18 09:35:51
20211116213355,2025-03-18 09:35:52
20211116213934,2025-03-18 09:35:52
20211116214523,2025-03-18 09:35:52
20211122062447,2025-03-18 09:35:52
20211124070109,2025-03-18 09:35:52
20211202204204,2025-03-18 09:35:52
20211202204605,2025-03-18 09:35:53
20211210212804,2025-03-18 09:35:53
20211228014915,2025-03-18 09:35:53
20220107221237,2025-03-18 09:35:53
20220228202821,2025-03-18 09:35:53
20220312004840,2025-03-18 09:35:54
20220603231003,2025-03-18 09:35:54
20220603232444,2025-03-18 09:35:54
20220615214548,2025-03-18 09:35:54
20220712093339,2025-03-18 09:35:54
20220908172859,2025-03-18 09:35:55
20220916233421,2025-03-18 09:35:55
20230119133233,2025-03-18 09:35:55
20230128025114,2025-03-18 09:35:55
20230128025212,2025-03-18 09:35:55
20230227211149,2025-03-18 09:35:55
20230228184745,2025-03-18 09:35:55
20230308225145,2025-03-18 09:35:56
20230328144023,2025-03-18 09:35:56
20231018144023,2025-03-18 09:35:56
20231204144023,2025-03-18 09:35:56
20231204144024,2025-03-18 09:35:56
20231204144025,2025-03-18 09:35:57
20240108234812,2025-03-18 09:35:57
20240109165339,2025-03-18 09:35:57
20240227174441,2025-03-18 09:35:57
20240311171622,2025-03-18 09:35:57
20240321100241,2025-03-18 09:35:58
20240401105812,2025-03-18 09:35:58
20240418121054,2025-03-18 09:35:58
20240523004032,2025-03-18 09:35:59
20240618124746,2025-03-18 09:35:59
20240801235015,2025-03-18 09:35:59
20240805133720,2025-03-18 09:35:59
20240827160934,2025-03-18 09:35:59
20240919163303,2025-03-18 09:36:00
20240919163305,2025-03-18 09:36:00
20241019105805,2025-03-18 09:36:00
20241030150047,2025-03-18 09:36:01
20241108114728,2025-03-18 09:36:01
20241121104152,2025-03-18 09:36:01
20241130184212,2025-03-18 09:36:01
20241220035512,2025-03-18 09:36:01
20241220123912,2025-03-18 09:36:01
20241224161212,2025-03-18 09:36:02
20250107150512,2025-03-18 09:36:02
20250110162412,2025-03-18 09:36:02
20250123174212,2025-03-18 09:36:02
20250128220012,2025-03-18 09:36:02
20250506224012,2025-05-26 09:28:47
20250523164012,2025-06-07 13:22:48
20250714121412,2025-07-23 18:18:44
20250905041441,2025-10-09 20:10:14